Workbook

Sheet Transaction_Data
A1: CUSTOMER TRANSACTIONS — RFM Analysis Dataset
A2: Customer_ID | B2: Customer_Name | C2: Invoice_Date | D2: Invoice_No | E2: Product_Category | F2: Amount_INR
A3: C001 | B3: Arjun Mehta | C3: 2024-04-07 | D3: INV9722 | E3: Sports | F3: 8420.33
A4: C001 | B4: Arjun Mehta | C4: 2024-04-10 | D4: INV4034 | E4: Electronics | F4: 755.64
A5: C001 | B5: Arjun Mehta | C5: 2024-07-29 | D5: INV3177 | E5: Books | F5: 961.47
A6: C001 | B6: Arjun Mehta | C6: 2024-08-30 | D6: INV8335 | E6: Beauty | F6: 3666.19
A7: C001 | B7: Arjun Mehta | C7: 2024-09-15 | D7: INV3349 | E7: Books | F7: 7185.83
A8: C001 | B8: Arjun Mehta | C8: 2024-09-15 | D8: INV8568 | E8: Sports | F8: 3425.06
A9: C002 | B9: Priya Sharma | C9: 2024-03-02 | D9: INV6237 | E9: Sports | F9: 1571.52
A10: C002 | B10: Priya Sharma | C10: 2024-03-08 | D10: INV3736 | E10: Electronics | F10: 1178.67
A11: C002 | B11: Priya Sharma | C11: 2024-07-02 | D11: INV9204 | E11: Groceries | F11: 1327.27
A12: C002 | B12: Priya Sharma | C12: 2024-07-18 | D12: INV3321 | E12: Stationery | F12: 6329.81
A13: C002 | B13: Priya Sharma | C13: 2024-07-19 | D13: INV1851 | E13: Apparel | F13: 5329.23
A14: C003 | B14: Rohit Nair | C14: 2024-03-18 | D14: INV1747 | E14: Stationery | F14: 7854.66
... A102: C025 | B102: Amit Saxena | C102: 2024-09-22 | D102: INV8930 | E102: Beauty | F102: 2443.92

Sheet RFM_Metrics
A1: RFM METRICS — Per Customer
A2: Customer_ID | B2: Customer_Name | C2: Last_Purchase_Date | D2: Recency_Days | E2: Frequency | F2: Monetary_INR | G2: R_Score | H2: F_Score | I2: M_Score | J2: RFM_Total_Score | K2: Segment
A3: C001 | B3: Arjun Mehta | C3: 2024-09-15 | D3: 15 | E3: 6 | F3: 24414.52 | G3: 5 | H3: 5 | I3: 5 | J3: 15 | K3: Loyal Customer
A4: C002 | B4: Priya Sharma | C4: 2024-07-19 | D4: 73 | E4: 5 | F4: 15736.5 | G4: 1 | H4: 5 | I4: 3 | J4: 9 | K4: At Risk
A5: C003 | B5: Rohit Nair | C5: 2024-09-20 | D5: 10 | E5: 4 | F5: 17816.41 | G5: 5 | H5: 3 | I5: 4 | J5: 12 | K5: Active Customer
A6: C004 | B6: Sneha Iyer | C6: 2024-09-09 | D6: 21 | E6: 3 | F6: 16415.73 | G6: 4 | H6: 2 | I6: 3 | J6: 9 | K6: At Risk
A7: C005 | B7: Vikram Rao | C7: 2024-09-20 | D7: 10 | E7: 5 | F7: 16607.21 | G7: 5 | H7: 4 | I7: 3 | J7: 12 | K7: Active Customer
A8: C006 | B8: Anita Desai | C8: 2024-09-06 | D8: 24 | E8: 2 | F8: 9034.49 | G8: 3 | H8: 2 | I8: 1 | J8: 6 | K8: Lost Customer
A9: C007 | B9: Karan Singh | C9: 2024-09-07 | D9: 23 | E9: 6 | F9: 19441.37 | G9: 3 | H9: 5 | I9: 4 | J9: 12 | K9: Active Customer
A10: C008 | B10: Meena Patel | C10: 2024-08-18 | D10: 43 | E10: 5 | F10: 11681.95 | G10: 3 | H10: 4 | I10: 2 | J10: 9 | K10: At Risk
A11: C009 | B11: Suresh Kumar | C11: 2024-05-14 | D11: 139 | E11: 1 | F11: 5762.72 | G11: 1 | H11: 1 | I11: 1 | J11: 3 | K11: Lost Customer
A12: C010 | B12: Deepa Reddy | C12: 2024-06-12 | D12: 110 | E12: 5 | F12: 20926.98 | G12: 1 | H12: 4 | I12: 4 | J12: 9 | K12: At Risk
A13: C011 | B13: Rahul Gupta | C13: 2024-08-13 | D13: 48 | E13: 1 | F13: 324.39 | G13: 2 | H13: 1 | I13: 1 | J13: 4 | K13: Lost Customer
A14: C012 | B14: Pooja Verma | C14: 2024-06-17 | D14: 105 | E14: 1 | F14: 3560.6 | G14: 1 | H14: 1 | I14: 1 | J14: 3 | K14: Lost Customer
... A27: C025 | B27: Amit Saxena | C27: 2024-09-22 | D27: 8 | E27: 5 | F27: 15390.4 | G27: 5 | H27: 3 | I27: 2 | J27: 10 | K27: Active Customer

Sheet Segment_Summary
A1: RFM SEGMENT SUMMARY
A2: Segment | B2: Customer Count | C2: % of Total | D2: Total Revenue (INR) | E2: Avg Revenue (INR) | F2: Avg RFM Score
A3: Loyal Customer | B3: =COUNTIF(RFM_Metrics!K3:K27,A3) -> 3 | C3: =IF(25>0,B3/25,0) -> 0.12 | D3: =SUMIF(RFM_Metrics!K3:K27,A3,RFM_Metrics!F3:F27) -> 72580.55 | E3: =IF(B3>0,D3/B3,0) -> 24193.517 | F3: =AVERAGEIF(RFM_Metrics!K3:K27,A3,RFM_Metrics!J3:J27) -> 14
A4: Active Customer | B4: =COUNTIF(RFM_Metrics!K3:K27,A4) -> 8 | C4: =IF(25>0,B4/25,0) -> 0.32 | D4: =SUMIF(RFM_Metrics!K3:K27,A4,RFM_Metrics!F3:F27) -> 171896.15 | E4: =IF(B4>0,D4/B4,0) -> 21487.019 | F4: =AVERAGEIF(RFM_Metrics!K3:K27,A4,RFM_Metrics!J3:J27) -> 11.25
A5: At Risk | B5: =COUNTIF(RFM_Metrics!K3:K27,A5) -> 8 | C5: =IF(25>0,B5/25,0) -> 0.32 | D5: =SUMIF(RFM_Metrics!K3:K27,A5,RFM_Metrics!F3:F27) -> 124147.85 | E5: =IF(B5>0,D5/B5,0) -> 15518.481 | F5: =AVERAGEIF(RFM_Metrics!K3:K27,A5,RFM_Metrics!J3:J27) -> 8.5
A6: Lost Customer | B6: =COUNTIF(RFM_Metrics!K3:K27,A6) -> 6 | C6: =IF(25>0,B6/25,0) -> 0.24 | D6: =SUMIF(RFM_Metrics!K3:K27,A6,RFM_Metrics!F3:F27) -> 30986.03 | E6: =IF(B6>0,D6/B6,0) -> 5164.3383 | F6: =AVERAGEIF(RFM_Metrics!K3:K27,A6,RFM_Metrics!J3:J27) -> 4.1666667
A7: TOTAL | B7: =SUM(B3:B6) -> 25 | C7: =SUM(C3:C6) -> 1 | D7: =SUM(D3:D6) -> 399610.58

Sheet KPI_Dashboard
A1: RFM MODEL — KPI DASHBOARD
A2: KPI | B2: Value | C2: Benchmark | D2: Insight
A3: Total Customers | B3: =COUNTA(RFM_Metrics!A3:A27) -> 25 | C3: 25 customers | D3: Unique customers analysed
A4: Total Transactions | B4: =COUNTA(Transaction_Data!A3:A102) -> 100 | C4: 100 records | D4: Total invoice records
A5: Total Revenue (INR) | B5: =SUM(RFM_Metrics!F3:F27) -> 399610.58 | C5: — | D5: Cumulative customer spend
A6: Avg Monetary Value (INR) | B6: =AVERAGE(RFM_Metrics!F3:F27) -> 15984.423 | C6: — | D6: Mean spend per customer
A7: Avg Recency (Days) | B7: =AVERAGE(RFM_Metrics!D3:D27) -> 47.48 | C7: <30 days ideal | D7: Lower = more engaged
A8: Avg Frequency | B8: =AVERAGE(RFM_Metrics!E3:E27) -> 4 | C8: >3 ideal | D8: Avg purchases per customer
A9: Loyal Customer % | B9: =COUNTIF(RFM_Metrics!K3:K27,"Loyal Customer")/COUNTA(RFM_Metrics!A3:A27) -> 0.12 | C9: >25% | D9: Target: >25%
A10: At Risk Customer % | B10: =COUNTIF(RFM_Metrics!K3:K27,"At Risk")/COUNTA(RFM_Metrics!A3:A27) -> 0.32 | C10: <20% | D10: Target: <20%
A11: Lost Customer % | B11: =COUNTIF(RFM_Metrics!K3:K27,"Lost Customer")/COUNTA(RFM_Metrics!A3:A27) -> 0.24 | C11: <15% | D11: Needs reactivation campaign
A12: Max RFM Score Customer | B12: =INDEX(RFM_Metrics!B3:B27,MATCH(MAX(RFM_Metrics!J3:J27),RFM_Metrics!J3:J27,0)) -> Arjun Mehta | C12: — | D12: Top-ranked loyal customer
